{
  "store_dir": "vector_store",
  "store_config": {
    "embedding_model": "sentence-transformers/all-MiniLM-L6-v2",
    "normalize": true
  },
  "retriever": "faiss",
  "top_k": 6,
  "threshold": -6.38980770111084,
  "threshold_strategy": "f1",
  "beta": 0.5,
  "min_recall": 0.0,
  "min_precision": 0.0,
  "reranker": "cross_encoder",
  "candidate_k": 30,
  "cross_encoder_model": "cross-encoder/ms-marco-MiniLM-L-6-v2",
  "tp": 290.0,
  "fp": 706.0,
  "tn": 177.0,
  "fn": 27.0,
  "hit_precision": 0.29116465863453816,
  "hit_recall": 0.9148264984227129,
  "hit_f1": 0.44173648134044174,
  "mean_mrr": 0.37766666666666665,
  "mean_precision@k": 0.26416666666666666,
  "mean_recall@k": 0.58,
  "roc_auc": 0.5881190807077964,
  "average_precision": 0.3314833259360449
}