{
  "store_dir": "vector_store",
  "store_config": {
    "embedding_model": "sentence-transformers/all-MiniLM-L6-v2",
    "normalize": true
  },
  "retriever": "faiss",
  "top_k": 6,
  "threshold": 0.6415084600448608,
  "threshold_strategy": "recall_at_precision",
  "beta": 0.5,
  "min_recall": 0.0,
  "min_precision": 0.6,
  "tp": 28.0,
  "fp": 19.0,
  "tn": 859.0,
  "fn": 294.0,
  "hit_precision": 0.5957446808510638,
  "hit_recall": 0.08695652173913043,
  "hit_f1": 0.15176151761517617,
  "mean_mrr": 0.3725,
  "mean_precision@k": 0.26833333333333337,
  "mean_recall@k": 0.615,
  "roc_auc": 0.6407507887774303,
  "average_precision": 0.3914713628078987
}