{
  "store_dir": "vector_store",
  "store_config": {
    "embedding_model": "sentence-transformers/all-MiniLM-L6-v2",
    "normalize": true
  },
  "retriever": "tfidf",
  "top_k": 6,
  "threshold": 0.49238697445850194,
  "threshold_strategy": "recall_at_precision",
  "beta": 0.5,
  "min_recall": 0.0,
  "min_precision": 0.6,
  "tp": 1.0,
  "fp": 1.0,
  "tn": 906.0,
  "fn": 292.0,
  "hit_precision": 0.5,
  "hit_recall": 0.0034129692832764505,
  "hit_f1": 0.006779661016949152,
  "mean_mrr": 0.33766666666666667,
  "mean_precision@k": 0.24416666666666667,
  "mean_recall@k": 0.58,
  "roc_auc": 0.5814390162219522,
  "average_precision": 0.32086067991381007
}