retriever,top_k,threshold,mean_mrr,mean_precision@k,mean_recall@k,roc_auc,average_precision
faiss,6,0.47276344895362854,0.3725,0.26833333333333337,0.615,0.6407507887774303,0.3914713628078987
tfidf,6,0.19136740291116075,0.33766666666666667,0.24416666666666667,0.58,0.5814390162219522,0.32086067991381007
