{
  "store_dir": "vector_store",
  "store_config": {
    "embedding_model": "sentence-transformers/all-MiniLM-L6-v2",
    "normalize": true
  },
  "retriever": "faiss",
  "top_k": 6,
  "threshold": 0.530648410320282,
  "threshold_strategy": "precision_at_recall",
  "beta": 0.5,
  "min_recall": 0.4,
  "min_precision": 0.0,
  "tp": 129.0,
  "fp": 200.0,
  "tn": 678.0,
  "fn": 193.0,
  "hit_precision": 0.39209726443769,
  "hit_recall": 0.40062111801242234,
  "hit_f1": 0.3963133640552996,
  "mean_mrr": 0.3725,
  "mean_precision@k": 0.26833333333333337,
  "mean_recall@k": 0.615,
  "roc_auc": 0.6407507887774303,
  "average_precision": 0.3914713628078987
}